pitcher_id,pitcher_name,team,era,whip,k9,fip,bb9,k_bb_pct,hr9,ip,is_left,wins,losses,k,walks,home_runs,batters_faced,games_started,games_pitched,saves,holds
645261,Sandy Alcantara,,3.06,1.05,5.86,4.3887,3.06,0.0786,1.02,35.333333333333336,0,2,2,23.0,12.0,4.0,140.0,5,5,0,0
669923,George Kirby,,2.97,1.05,7.29,3.86,2.16,0.1473,1.08,33.333333333333336,0,3,2,27.0,8.0,4.0,129.0,5,5,0,0
608331,Max Fried,,2.97,0.81,6.21,2.93,2.16,0.1181,0.27,33.333333333333336,1,2,1,23.0,8.0,1.0,127.0,5,5,0,0
667755,José Soriano,,0.28,0.73,10.74,2.4041,3.58,0.2167,0.28,32.666666666666664,0,5,0,39.0,13.0,1.0,120.0,5,5,0,0
693433,Bryan Woo,,2.25,0.88,7.31,2.1375,1.69,0.1626,0.0,32.0,0,1,2,26.0,6.0,0.0,123.0,5,5,0,0
607625,Seth Lugo,,1.15,0.93,8.04,2.3702,2.87,0.1552,0.0,31.333333333333332,0,1,1,28.0,10.0,0.0,116.0,5,5,0,0
669373,Tarik Skubal,,2.08,0.96,9.79,2.0462,1.78,0.2288,0.3,30.333333333333332,1,3,2,33.0,6.0,1.0,118.0,5,5,0,0
657277,Logan Webb,,5.4,1.4,8.1,3.3667,3.3,0.1212,0.6,30.0,0,2,2,27.0,11.0,2.0,132.0,5,5,0,0
664285,Framber Valdez,,3.3,1.2,6.0,3.2,2.7,0.0866,0.3,30.0,1,2,1,20.0,9.0,1.0,127.0,5,5,0,0
693821,Bryce Elder,,1.5,0.97,8.7,3.0333,2.7,0.1695,0.6,30.0,0,3,1,29.0,9.0,2.0,118.0,5,5,0,0
668909,Gavin Williams,,2.12,1.01,12.13,3.9753,5.16,0.2,1.21,29.666666666666668,0,3,1,40.0,17.0,4.0,115.0,5,5,0,0
605488,Jeffrey Springs,,3.34,0.98,8.19,4.0427,2.73,0.1552,1.21,29.666666666666668,1,3,1,27.0,9.0,4.0,116.0,5,5,0,0
519242,Chris Sale,,2.79,1.0,9.0,4.1655,2.17,0.1913,1.55,29.0,1,4,1,29.0,7.0,5.0,115.0,5,5,0,0
656605,Mitch Keller,,2.79,1.1,5.9,3.269,2.79,0.087,0.31,29.0,0,2,1,19.0,9.0,1.0,115.0,5,5,0,0
695076,Rhett Lowder,,3.1,1.14,5.59,3.3379,2.79,0.0763,0.31,29.0,0,3,1,18.0,9.0,1.0,118.0,5,5,0,0
669302,Logan Gilbert,,4.03,1.17,9.93,2.8552,1.55,0.2348,0.93,29.0,0,1,3,32.0,5.0,3.0,115.0,5,5,0,0
676106,Emerson Hancock,,2.83,0.87,8.79,3.9326,1.26,0.2286,1.57,28.666666666666668,0,2,1,28.0,4.0,5.0,105.0,5,5,0,0
669432,Trevor Rogers,,4.08,1.33,7.85,3.6535,2.51,0.1393,0.94,28.666666666666668,1,2,2,25.0,8.0,3.0,122.0,5,5,0,0
672282,Reid Detmers,,4.08,1.08,9.73,2.7814,2.51,0.1917,0.63,28.666666666666668,1,1,2,31.0,8.0,2.0,120.0,5,5,0,0
592662,Robbie Ray,,2.86,1.09,9.85,4.4706,3.49,0.1754,1.59,28.333333333333332,1,2,3,31.0,11.0,5.0,114.0,5,5,0,0
650911,Cristopher Sánchez,,1.59,1.41,12.39,1.7529,2.54,0.252,0.32,28.333333333333332,1,2,2,39.0,8.0,1.0,123.0,5,5,0,0
677960,Ryan Weathers,,3.18,1.24,11.44,3.3412,2.54,0.2414,1.27,28.333333333333332,1,1,2,36.0,8.0,4.0,116.0,5,5,0,0
592332,Kevin Gausman,,2.54,0.95,11.12,2.2824,1.91,0.2566,0.64,28.333333333333332,0,1,1,35.0,6.0,2.0,113.0,5,5,0,0
671737,Taj Bradley,,1.63,1.23,11.06,1.8265,3.25,0.2034,0.0,27.666666666666668,0,3,0,34.0,10.0,0.0,118.0,5,5,0,0
693645,Cam Schlittler,,1.95,0.76,11.71,0.9229,0.98,0.3143,0.0,27.666666666666668,0,2,1,36.0,3.0,0.0,105.0,5,5,0,0
650633,Michael King,,2.28,1.12,8.46,3.3084,4.55,0.1071,0.33,27.666666666666668,0,3,1,26.0,14.0,1.0,112.0,5,5,0,0
700241,Michael McGreevy,,3.29,0.91,4.94,4.5537,1.65,0.0952,1.32,27.333333333333332,0,1,2,15.0,5.0,4.0,105.0,5,5,0,0
657746,Joe Ryan,,3.29,0.88,9.22,2.2854,1.98,0.2056,0.33,27.333333333333332,0,2,2,28.0,6.0,1.0,107.0,5,5,0,0
608379,Michael Wacha,,1.0,0.78,7.67,3.3481,2.67,0.1531,0.67,27.0,0,2,0,23.0,8.0,2.0,98.0,4,4,0,0
669461,Matthew Liberatore,,3.67,1.41,5.33,5.5333,3.33,0.0513,1.67,27.0,1,0,1,16.0,10.0,5.0,117.0,5,5,0,0
543135,Nathan Eovaldi,,5.06,1.54,9.79,4.3625,2.7,0.1721,1.69,26.666666666666668,0,2,3,29.0,8.0,5.0,122.0,5,5,0,0
694819,Jacob Misiorowski,,3.04,1.09,14.18,3.35,4.05,0.2703,1.35,26.666666666666668,0,1,2,42.0,12.0,4.0,111.0,5,5,0,0
681347,Mike Burrows,,6.75,1.69,8.44,4.775,3.04,0.1311,1.69,26.666666666666668,0,1,3,25.0,9.0,5.0,122.0,5,5,0,0
642547,Freddy Peralta,,4.05,1.09,9.45,4.175,3.38,0.1607,1.35,26.666666666666668,0,1,2,28.0,10.0,4.0,112.0,5,5,0,0
605400,Aaron Nola,,5.06,1.46,9.79,4.1,3.38,0.1652,1.35,26.666666666666668,0,1,2,29.0,10.0,4.0,115.0,5,5,0,0
656550,Grant Holmes,,3.42,1.1,7.18,4.3392,3.76,0.0935,1.03,26.333333333333332,0,1,1,21.0,11.0,3.0,107.0,5,5,0,0
669022,MacKenzie Gore,,4.15,1.19,12.12,4.3923,4.15,0.213,1.73,26.0,1,2,2,35.0,12.0,5.0,108.0,5,5,0,0
641927,Bailey Ober,,4.15,1.23,8.31,3.3923,3.12,0.1351,0.69,26.0,0,2,0,24.0,9.0,2.0,111.0,5,5,0,0
691587,Eury Pérez,,4.15,1.35,9.35,4.5077,4.15,0.1339,1.38,26.0,0,2,1,27.0,12.0,4.0,112.0,5,5,0,0
656302,Dylan Cease,,2.1,1.29,15.43,1.4078,4.91,0.2703,0.0,25.666666666666668,0,1,0,44.0,14.0,0.0,111.0,5,5,0,0
808967,Yoshinobu Yamamoto,,2.1,0.82,7.36,3.4338,1.05,0.1895,1.05,25.666666666666668,0,2,1,21.0,3.0,3.0,95.0,4,4,0,0
800048,Parker Messick,,1.05,0.78,8.77,2.5766,2.45,0.1935,0.35,25.666666666666668,1,3,0,25.0,7.0,1.0,93.0,4,4,0,0
668678,Zac Gallen,,3.51,1.48,4.91,3.9403,2.45,0.0636,0.7,25.666666666666668,0,1,1,14.0,7.0,2.0,110.0,5,5,0,0
701542,Will Warren,,2.49,1.11,11.01,3.0026,2.13,0.2381,1.07,25.333333333333332,0,2,0,31.0,6.0,3.0,105.0,5,5,0,0
676282,Joey Cantillo,,3.2,1.3,10.66,3.7921,4.26,0.1748,1.07,25.333333333333332,1,1,0,30.0,12.0,3.0,103.0,5,5,0,0
607192,Tyler Glasnow,,3.24,0.84,10.44,2.64,2.16,0.2421,0.72,25.0,0,2,0,29.0,6.0,2.0,95.0,4,4,0,0
663436,Davis Martin,,2.16,1.0,6.84,3.44,2.16,0.1383,0.72,25.0,0,3,1,19.0,6.0,2.0,94.0,4,4,0,0
680694,Kyle Bradish,,3.96,1.76,10.08,3.56,4.68,0.1304,0.72,25.0,0,1,2,28.0,13.0,2.0,115.0,5,5,0,0
676974,Max Meyer,,3.96,1.24,10.08,3.32,3.96,0.1532,0.72,25.0,0,1,0,28.0,11.0,2.0,111.0,5,5,0,0
622663,Luis Severino,,6.2,1.7,9.85,5.5514,7.3,0.0631,1.46,24.666666666666668,0,0,2,27.0,20.0,4.0,111.0,5,5,0,0
671096,Andrew Abbott,,5.84,1.74,5.47,4.3757,4.01,0.0351,0.73,24.666666666666668,1,0,2,15.0,11.0,2.0,114.0,5,5,0,0
677944,Slade Cecconi,,6.2,1.58,7.3,5.673,4.38,0.0696,1.82,24.666666666666668,0,0,3,20.0,12.0,5.0,115.0,5,5,0,0
676440,Tanner Bibee,,4.81,1.52,8.51,4.5562,3.33,0.1308,1.48,24.333333333333332,0,0,2,23.0,9.0,4.0,107.0,5,5,0,0
579328,Yusei Kikuchi,,5.63,1.63,10.13,3.95,4.13,0.1441,1.13,24.0,1,0,2,27.0,11.0,3.0,111.0,5,5,0,0
676979,Garrett Crochet,,7.88,1.63,11.25,4.5333,3.38,0.181,1.88,24.0,1,2,3,30.0,9.0,5.0,116.0,5,5,0,0
607067,Colin Rea,,3.0,1.04,7.5,3.2417,1.88,0.1546,0.75,24.0,0,3,0,20.0,5.0,2.0,97.0,2,5,1,0
680736,Justin Wrobleski,,1.88,0.88,3.38,3.075,1.88,0.0435,0.0,24.0,1,3,0,9.0,5.0,0.0,92.0,3,4,0,0
663623,Jake Irvin,,6.0,1.29,9.38,4.6583,4.13,0.1321,1.5,24.0,0,1,3,25.0,11.0,4.0,106.0,5,5,0,0
663903,Brady Singer,,5.32,1.65,6.08,4.3831,2.66,0.0818,1.14,23.666666666666668,0,1,1,16.0,7.0,3.0,110.0,5,5,0,0
690997,Nolan McLean,,2.28,0.76,10.65,2.3972,3.04,0.2247,0.38,23.666666666666668,0,1,1,28.0,8.0,1.0,89.0,4,4,0,0
605540,Brandon Woodruff,,3.42,0.93,7.61,3.6648,1.52,0.1702,1.14,23.666666666666668,0,2,0,20.0,4.0,3.0,94.0,4,4,0,0
656427,Jack Flaherty,,3.47,1.59,9.26,4.2714,7.71,0.037,0.39,23.333333333333332,0,0,1,24.0,20.0,1.0,108.0,5,5,0,0
656849,David Peterson,,5.4,1.67,8.49,3.1571,3.86,0.1091,0.39,23.333333333333332,1,0,3,22.0,10.0,1.0,110.0,4,5,0,0
686799,Jack Kochanowicz,,3.47,1.24,6.94,4.1429,5.79,0.0303,0.39,23.333333333333332,0,2,0,18.0,15.0,1.0,99.0,4,4,0,0
593958,Eduardo Rodriguez,,1.96,1.22,5.48,4.287,3.52,0.0521,0.78,23.0,1,1,0,14.0,9.0,2.0,96.0,4,4,0,0
605280,Clay Holmes,,1.96,1.09,6.26,4.113,3.52,0.0753,0.78,23.0,0,2,2,16.0,9.0,2.0,93.0,4,4,0,0
694297,Brandon Pfaadt,,4.7,1.26,5.48,4.7217,3.13,0.0619,1.17,23.0,0,0,1,14.0,8.0,3.0,97.0,3,4,0,0
543243,Sonny Gray,,4.3,1.3,5.09,4.4174,1.96,0.0808,1.17,23.0,0,2,1,13.0,5.0,3.0,99.0,5,5,0,0
663460,Kris Bubic,,3.97,1.06,10.32,3.3765,3.97,0.1798,0.79,22.666666666666668,1,2,1,26.0,10.0,2.0,89.0,4,4,0,0
592791,Jameson Taillon,,3.97,1.28,8.34,5.9794,3.57,0.1263,2.38,22.666666666666668,0,1,1,21.0,9.0,6.0,95.0,4,4,0,0
666200,Jesús Luzardo,,7.94,1.46,11.91,2.9353,1.99,0.2551,1.19,22.666666666666668,1,1,3,30.0,5.0,3.0,98.0,4,4,0,0
677952,Braxton Ashcraft,,2.38,1.06,10.72,1.7441,2.78,0.2198,0.0,22.666666666666668,0,1,1,27.0,7.0,0.0,91.0,4,4,0,0
647336,Michael Soroka,,2.78,1.06,11.12,2.6706,2.38,0.2366,0.79,22.666666666666668,0,4,0,28.0,6.0,2.0,93.0,4,4,0,0
665795,Edward Cabrera,,2.38,1.28,6.75,3.1559,4.37,0.0659,0.0,22.666666666666668,0,2,0,17.0,11.0,0.0,91.0,4,4,0,0
694738,Landen Roupp,,2.38,0.97,9.53,2.0088,2.78,0.1889,0.0,22.666666666666668,0,3,1,24.0,7.0,0.0,90.0,4,4,0,0
663554,Casey Mize,,2.78,1.19,9.93,3.0676,2.78,0.1915,0.79,22.666666666666668,0,1,1,25.0,7.0,2.0,94.0,4,4,0,0
695505,Chase Burns,,2.42,1.07,8.87,4.1851,3.63,0.1477,1.21,22.333333333333332,0,1,1,22.0,9.0,3.0,88.0,4,4,0,0
624133,Ranger Suarez,,3.22,1.07,6.04,3.8269,2.42,0.1047,0.81,22.333333333333332,1,1,1,15.0,6.0,2.0,86.0,4,4,0,0
676083,Janson Junk,,4.5,1.32,6.14,3.8364,2.45,0.0968,0.82,22.0,0,0,2,15.0,6.0,2.0,93.0,4,4,0,0
684007,Shota Imanaga,,2.45,0.77,12.68,2.2455,2.05,0.3171,0.82,22.0,1,1,1,31.0,5.0,2.0,82.0,4,4,0,0
607259,Nick Martinez,,2.45,1.23,5.73,4.6545,2.86,0.0761,1.23,22.0,0,0,1,14.0,7.0,3.0,92.0,4,4,0,0
669358,Shane Baz,,4.91,1.55,7.77,3.7455,3.27,0.1134,0.82,22.0,0,0,2,19.0,8.0,2.0,97.0,4,4,0,0
694973,Paul Skenes,,3.27,0.91,9.41,3.2455,2.86,0.1818,0.82,22.0,0,3,1,23.0,7.0,2.0,88.0,5,5,0,0
605288,Adrian Houser,,5.4,1.57,4.57,4.3538,2.91,0.0396,0.83,21.666666666666668,0,0,2,11.0,7.0,2.0,101.0,4,4,0,0
669372,J.T. Ginn,,3.74,1.06,7.06,5.1385,3.32,0.1047,1.66,21.666666666666668,0,0,0,17.0,8.0,4.0,86.0,3,6,0,0
681190,Randy Vásquez,,2.49,1.29,10.38,2.6,3.32,0.1889,0.42,21.666666666666668,0,1,0,25.0,8.0,1.0,90.0,4,4,0,0
547179,Michael Lorenzen,,7.48,2.12,6.65,4.9538,2.49,0.087,1.66,21.666666666666668,0,1,2,16.0,6.0,4.0,115.0,5,6,0,0
571927,Steven Matz,,3.8,1.03,8.86,3.2938,2.53,0.1765,0.84,21.333333333333332,1,3,0,21.0,6.0,2.0,85.0,4,4,0,0
666142,Cole Ragans,,6.0,1.67,9.43,7.3905,7.71,0.0435,2.57,21.0,1,0,4,22.0,18.0,6.0,92.0,5,5,0,0
680573,Simeon Woods Richardson,,6.1,1.6,4.79,5.6677,3.05,0.0435,1.74,20.666666666666668,0,0,3,11.0,7.0,4.0,92.0,4,4,0,0
656492,Foster Griffin,,3.05,1.26,8.27,4.2645,3.05,0.1379,1.31,20.666666666666668,1,2,0,19.0,7.0,3.0,87.0,4,4,0,0
625643,Reynaldo López,,2.18,1.11,8.27,4.4097,3.48,0.131,1.31,20.666666666666668,0,1,0,19.0,8.0,3.0,84.0,4,4,0,0
669194,Ryne Nelson,,6.97,1.45,8.71,5.0871,3.92,0.1146,1.74,20.666666666666668,0,1,2,20.0,9.0,4.0,96.0,5,5,0,0
608372,Tomoyuki Sugano,,3.92,1.16,6.53,5.6194,2.18,0.1163,2.18,20.666666666666668,0,1,1,15.0,5.0,5.0,86.0,4,4,0,0
607200,Erick Fedde,,3.92,1.11,6.53,4.6516,3.05,0.0952,1.31,20.666666666666668,0,0,3,15.0,7.0,3.0,84.0,3,4,0,0
682227,Brandon Williamson,,4.35,1.35,5.23,5.8129,5.66,-0.0111,1.31,20.666666666666668,1,2,1,12.0,13.0,3.0,90.0,4,4,0,0
621121,Lance McCullers Jr.,,6.2,1.33,9.3,3.741,3.98,0.1395,0.89,20.333333333333332,0,1,1,21.0,9.0,2.0,86.0,4,4,0,0
669387,Carmen Mlodzinski,,1.77,1.33,8.85,2.4131,3.54,0.1379,0.0,20.333333333333332,0,1,0,20.0,8.0,0.0,87.0,3,4,0,0
527048,Martín Pérez,,2.21,0.93,4.43,3.741,2.66,0.0506,0.44,20.333333333333332,1,1,1,10.0,6.0,1.0,79.0,3,4,0,0
650644,Aaron Civale,,3.54,1.33,7.08,3.7902,2.66,0.1124,0.89,20.333333333333332,0,2,1,16.0,6.0,2.0,89.0,4,4,0,0
690953,Mick Abel,,3.98,1.57,10.18,2.4131,4.43,0.1398,0.0,20.333333333333332,0,1,2,23.0,10.0,0.0,93.0,3,4,0,0
683004,Jack Leiter,,4.87,1.48,10.62,4.0852,3.98,0.1667,1.33,20.333333333333332,0,1,1,24.0,9.0,3.0,90.0,4,4,0,0
680732,Sean Burke,,4.43,1.28,7.52,3.6918,2.66,0.1264,0.89,20.333333333333332,0,0,2,17.0,6.0,2.0,87.0,3,4,0,0
686218,Emmet Sheehan,,5.85,1.4,8.1,5.2,3.6,0.1163,1.8,20.0,0,2,0,18.0,8.0,4.0,86.0,4,4,0,0
669467,Andre Pallante,,4.05,1.45,5.4,4.95,4.95,0.011,0.9,20.0,0,2,1,12.0,11.0,2.0,91.0,4,4,0,0
702070,Noah Cameron,,5.4,1.45,7.65,5.65,2.7,0.1236,2.25,20.0,1,1,1,17.0,6.0,5.0,89.0,4,4,0,0
696149,Bubba Chandler,,3.15,1.3,7.65,4.75,5.85,0.0471,0.9,20.0,0,1,1,17.0,13.0,2.0,85.0,4,4,0,0
571945,Miles Mikolas,,9.15,1.98,6.86,7.1661,4.58,0.051,2.75,19.666666666666668,0,0,3,15.0,10.0,6.0,98.0,3,5,0,0
813349,Connelly Early,,2.29,1.27,9.15,3.3525,4.58,0.119,0.46,19.666666666666668,1,1,0,20.0,10.0,1.0,84.0,4,4,0,0
594798,Jacob deGrom,,2.29,1.07,11.44,3.5559,2.75,0.2436,1.37,19.666666666666668,0,1,0,25.0,6.0,3.0,78.0,4,4,0,0
656876,Drew Rasmussen,,2.75,0.66,9.15,4.2678,1.37,0.2297,1.83,19.666666666666668,0,1,0,20.0,3.0,4.0,74.0,4,4,0,0
676917,Cade Cavalli,,4.12,1.73,8.24,3.2,5.49,0.0645,0.0,19.666666666666668,0,0,1,18.0,12.0,0.0,93.0,5,5,0,0
669160,Dustin May,,6.98,1.6,6.98,3.6138,1.86,0.131,0.93,19.333333333333332,0,2,2,15.0,4.0,2.0,84.0,4,4,0,0
663978,Chris Paddack,,5.59,1.45,8.38,4.8034,2.33,0.1494,1.86,19.333333333333332,0,0,3,18.0,5.0,4.0,87.0,3,4,0,0
801403,Chase Dollander,,3.32,1.11,10.89,3.7789,2.84,0.2125,1.42,19.0,0,2,1,23.0,6.0,3.0,80.0,0,5,0,0
681517,Kyle Leahy,,5.21,1.53,6.16,5.8316,3.79,0.0581,1.89,19.0,0,2,2,13.0,8.0,4.0,86.0,4,4,0,0
641793,Zack Littell,,7.11,1.74,6.63,7.4632,2.84,0.0899,3.32,19.0,0,0,2,14.0,6.0,7.0,89.0,3,4,0,0
694477,Chad Patrick,,0.95,1.16,4.26,4.0421,3.32,0.0267,0.47,19.0,0,1,0,9.0,7.0,1.0,75.0,3,4,0,0
641816,Tyler Mahle,,7.23,1.93,10.13,7.0571,5.79,0.1023,2.89,18.666666666666668,0,0,3,21.0,12.0,6.0,88.0,4,4,0,0
678394,Brayan Bello,,6.75,1.93,6.27,5.825,5.79,0.0109,1.45,18.666666666666668,0,1,2,13.0,12.0,3.0,92.0,4,4,0,0
592836,Taijuan Walker,,9.16,2.04,7.71,7.2714,4.82,0.0638,2.89,18.666666666666668,0,1,3,16.0,10.0,6.0,94.0,4,4,0,0
608566,Germán Márquez,,3.86,1.39,7.23,6.0393,2.89,0.1139,2.41,18.666666666666668,0,2,1,15.0,6.0,5.0,79.0,4,4,0,0
695418,Brad Lord,,4.42,1.15,6.38,4.5636,1.96,0.1154,1.47,18.333333333333332,0,1,0,13.0,4.0,3.0,78.0,0,8,0,2
622491,Luis Castillo,,5.4,1.8,8.35,3.2,3.44,0.1136,0.49,18.333333333333332,0,0,1,17.0,7.0,1.0,88.0,4,4,0,0
691725,Andrew Painter,,4.42,1.36,9.82,2.3818,1.96,0.2,0.49,18.333333333333332,0,1,1,20.0,4.0,1.0,80.0,3,4,0,0
682052,Jacob Lopez,,6.38,1.96,7.85,6.3636,8.35,-0.0111,1.47,18.333333333333332,1,1,1,16.0,17.0,3.0,90.0,4,4,0,0
663556,Shane McClanahan,,5.0,1.33,9.0,3.7556,5.5,0.0875,0.5,18.0,1,1,2,18.0,11.0,1.0,80.0,4,4,0,0
660271,Shohei Ohtani,,0.5,0.72,9.0,2.2,3.0,0.1739,0.0,18.0,0,2,0,18.0,6.0,0.0,69.0,3,3,0,0
663372,Ryan Feltner,,6.0,1.5,7.0,6.4222,3.5,0.0886,2.5,18.0,0,1,1,14.0,7.0,5.0,79.0,4,4,0,0
641778,Eric Lauer,,7.13,1.47,8.15,6.0302,5.09,0.0759,2.04,17.666666666666668,1,1,3,16.0,10.0,4.0,79.0,3,4,0,0
808963,Roki Sasaki,,6.11,1.87,8.66,6.2566,6.11,0.0588,2.04,17.666666666666668,0,0,2,17.0,12.0,4.0,85.0,4,4,0,0
621111,Walker Buehler,,4.58,1.25,9.17,2.917,3.06,0.1644,0.51,17.666666666666668,0,1,1,18.0,6.0,1.0,73.0,4,4,0,0
673540,Kodai Senga,,8.83,1.9,11.42,5.3923,5.19,0.1463,2.08,17.333333333333332,0,0,3,22.0,10.0,4.0,82.0,4,4,0,0
641743,Anthony Kay,,2.6,1.27,6.23,4.8731,4.67,0.0385,1.04,17.333333333333332,1,1,0,12.0,9.0,2.0,78.0,2,4,0,0
687075,Brandon Sproat,,6.88,1.71,8.47,6.3176,5.82,0.0676,2.12,17.0,0,0,1,16.0,11.0,4.0,74.0,2,4,0,0
676962,Ben Brown,,2.7,1.08,8.1,3.26,3.24,0.1343,0.54,16.666666666666668,0,0,0,15.0,6.0,1.0,67.0,0,7,0,1
672456,Keider Montero,,3.31,0.86,8.27,1.7306,1.1,0.2063,0.0,16.333333333333332,0,1,1,15.0,2.0,0.0,63.0,3,3,0,0
453286,Max Scherzer,,7.16,1.29,5.51,6.0776,2.76,0.0735,2.2,16.333333333333332,0,1,2,10.0,5.0,4.0,68.0,4,4,0,0
605135,Chris Bassitt,,6.19,2.13,3.94,5.2,6.19,-0.0482,0.56,16.0,0,0,2,7.0,11.0,1.0,83.0,4,4,0,0
601713,Nick Pivetta,,4.5,1.13,13.5,1.325,3.38,0.2727,0.0,16.0,0,1,2,24.0,6.0,0.0,66.0,4,4,0,0
640455,Sean Manaea,,4.5,1.44,6.75,4.6375,3.94,0.0714,1.13,16.0,1,0,0,12.0,7.0,2.0,70.0,0,5,0,0
608718,Brent Suter,,2.25,1.25,8.44,4.2625,3.94,0.129,1.13,16.0,1,0,1,15.0,7.0,2.0,62.0,1,8,0,0
670990,Yohan Ramírez,,2.3,1.21,9.19,3.7106,5.17,0.1077,0.57,15.666666666666666,0,2,1,16.0,9.0,1.0,65.0,0,10,0,1
665871,Javier Assad,,5.74,1.21,5.17,5.3064,2.3,0.0769,1.72,15.666666666666666,0,1,1,9.0,4.0,3.0,65.0,3,3,0,0
671212,Joe Boyle,,5.17,1.09,9.19,3.1362,3.45,0.1515,0.57,15.666666666666666,0,0,1,16.0,6.0,1.0,66.0,3,3,0,0
607536,Kyle Freeland,,2.3,1.09,7.47,3.1362,2.3,0.1343,0.57,15.666666666666666,1,1,1,13.0,4.0,1.0,67.0,3,3,0,0
669947,Jesse Scholtens,,2.93,0.98,7.63,2.9391,1.76,0.1613,0.59,15.333333333333334,0,1,1,13.0,3.0,1.0,62.0,1,3,0,0
805123,AJ Blubaugh,,6.6,1.6,7.8,5.8667,5.4,0.058,1.8,15.0,0,2,2,13.0,9.0,3.0,69.0,0,10,0,1
668964,Tobias Myers,,3.0,0.8,6.6,3.8667,1.2,0.1636,1.2,15.0,0,0,1,11.0,2.0,2.0,55.0,1,7,0,2
690986,Kyle Harrison,,3.07,1.09,9.2,3.7455,2.45,0.1833,1.23,14.666666666666666,1,1,1,15.0,4.0,2.0,60.0,3,3,0,0
641312,Shaun Anderson,,5.52,1.3,5.52,5.8591,3.68,0.0492,1.84,14.666666666666666,0,1,0,9.0,6.0,3.0,61.0,0,7,0,0
677958,Kumar Rocker,,4.3,1.5,8.59,4.4955,4.3,0.1045,1.23,14.666666666666666,0,0,1,14.0,7.0,2.0,67.0,3,3,0,0
680802,Ryan Weiss,,6.75,2.05,11.05,6.3364,6.14,0.1111,2.45,14.666666666666666,0,0,2,18.0,10.0,4.0,72.0,1,6,0,0
622608,Antonio Senzatela,,0.63,0.7,10.67,1.4558,1.88,0.2692,0.0,14.333333333333334,0,1,0,17.0,3.0,0.0,52.0,0,6,1,1
663687,Hogan Harris,,2.51,1.4,8.16,4.8047,7.53,0.0156,0.63,14.333333333333334,1,2,0,13.0,12.0,1.0,64.0,0,13,1,4
676879,Aaron Ashby,,3.21,1.36,14.14,2.2714,3.86,0.2712,0.64,14.0,1,5,0,22.0,6.0,1.0,59.0,1,11,0,0
683175,Connor Phillips,,1.93,1.5,9.0,5.1286,9.0,0.0,0.64,14.0,0,1,0,14.0,14.0,1.0,63.0,0,13,1,2
656794,Sean Newcomb,,4.61,1.46,8.56,2.3951,3.29,0.1311,0.0,13.666666666666666,1,0,0,13.0,5.0,0.0,61.0,0,10,0,1
676755,Isaac Mattson,,1.32,1.32,6.59,3.0537,3.95,0.0702,0.0,13.666666666666666,0,0,0,10.0,6.0,0.0,57.0,0,13,0,5
678906,Kai-Wei Teng,,1.98,0.88,9.22,4.1512,3.29,0.1698,1.32,13.666666666666666,0,1,0,14.0,5.0,2.0,53.0,0,9,0,1
672782,Yoendrys Gómez,,6.75,1.73,6.75,8.375,5.4,0.0317,3.37,13.333333333333334,0,0,0,10.0,8.0,5.0,63.0,0,7,1,0
688642,Zach Agnos,,6.08,1.65,8.78,3.575,4.05,0.1167,0.67,13.333333333333334,0,0,0,13.0,6.0,1.0,60.0,0,7,1,0
663558,Jovani Morán,,2.03,1.05,10.13,3.725,5.4,0.1296,0.67,13.333333333333334,1,0,0,15.0,8.0,1.0,54.0,0,7,0,0
670245,Ryan Watson,,8.1,1.8,4.05,6.8,4.73,-0.0154,2.02,13.333333333333334,0,0,0,6.0,7.0,3.0,65.0,0,10,0,1
642121,Cole Sulser,,4.05,1.73,6.08,4.4,4.73,0.0323,0.67,13.333333333333334,0,1,0,9.0,7.0,1.0,62.0,1,9,0,1
669330,Tyler Wells,,4.15,1.23,11.08,3.6615,2.77,0.2182,1.38,13.0,0,0,1,16.0,4.0,2.0,55.0,0,10,0,4
500779,Jose Quintana,,6.23,1.85,2.77,7.6615,6.23,-0.0806,2.08,13.0,1,0,2,4.0,9.0,3.0,62.0,3,3,0,0
669438,Mason Englert,,7.11,1.82,7.11,6.6737,2.84,0.1,2.84,12.666666666666666,0,0,1,10.0,4.0,4.0,60.0,1,9,1,0
656641,Jacob Latz,,1.42,0.55,7.11,3.3579,2.13,0.1522,0.71,12.666666666666666,1,0,1,10.0,3.0,1.0,46.0,1,10,0,2
676571,PJ Poulin,,4.97,1.58,5.68,6.9105,5.68,0.0,2.13,12.666666666666666,1,2,0,8.0,8.0,3.0,56.0,3,14,0,3
680755,Braydon Fisher,,0.71,0.79,8.53,2.8053,1.42,0.2326,0.71,12.666666666666666,0,0,0,12.0,2.0,1.0,43.0,1,11,0,4
699134,Bradgley Rodriguez,,0.73,1.05,8.76,1.9838,2.19,0.1837,0.0,12.333333333333334,0,0,0,12.0,3.0,0.0,49.0,0,10,0,3
696147,Sam Bachman,,2.92,1.22,10.22,2.8757,5.84,0.12,0.0,12.333333333333334,0,0,0,14.0,8.0,0.0,50.0,0,8,0,3
686973,Louis Varland,,0.0,0.89,13.86,0.8486,2.19,0.3556,0.0,12.333333333333334,0,1,1,19.0,3.0,0.0,45.0,0,11,0,3
606996,Kyle Hart,,5.11,1.14,5.11,3.2811,3.65,0.0392,0.0,12.333333333333334,1,0,0,7.0,5.0,0.0,51.0,0,8,0,4
676760,Ron Marinaccio,,3.65,1.05,8.03,4.4973,2.92,0.1489,1.46,12.333333333333334,0,0,0,11.0,4.0,2.0,47.0,0,8,0,1
700249,Cade Povich,,2.19,0.97,5.11,3.8486,2.19,0.0833,0.73,12.333333333333334,1,1,0,7.0,3.0,1.0,48.0,1,2,0,0
676617,Riley O'Brien,,0.0,0.41,10.22,0.9297,0.0,0.3415,0.0,12.333333333333334,0,3,0,14.0,0.0,0.0,41.0,0,12,6,1
694335,Matt Svanson,,12.0,2.42,7.5,7.5333,8.25,-0.0156,2.25,12.0,0,0,1,10.0,11.0,3.0,64.0,0,10,0,1
668941,JoJo Romero,,2.25,1.08,4.5,4.2833,3.0,0.0417,0.75,12.0,1,0,0,6.0,4.0,1.0,48.0,0,11,0,6
663969,Tyler Phillips,,0.75,1.25,11.25,2.7,6.0,0.1321,0.0,12.0,0,0,0,15.0,8.0,0.0,53.0,0,6,1,0
668933,Graham Ashcraft,,1.5,1.17,10.5,2.3667,4.5,0.1702,0.0,12.0,0,0,0,14.0,6.0,0.0,47.0,0,12,1,6
686993,Justin Sterner,,3.75,1.67,10.5,3.2,3.75,0.1607,0.75,12.0,0,0,2,14.0,5.0,1.0,56.0,0,10,0,5
641835,Tim Mayza,,3.0,0.83,9.0,2.2,3.0,0.1702,0.0,12.0,1,0,1,12.0,4.0,0.0,47.0,0,10,0,1
668984,Casey Legumina,,4.63,1.54,6.94,2.4286,2.31,0.1132,0.0,11.666666666666666,0,0,1,9.0,3.0,0.0,53.0,0,8,0,0
673929,Jordan Leasure,,4.63,1.11,6.94,6.2857,3.86,0.0851,2.31,11.666666666666666,0,1,0,9.0,5.0,3.0,47.0,1,11,0,3
642397,Gregory Soto,,0.77,0.69,12.34,3.1143,4.63,0.2273,0.77,11.666666666666666,1,0,0,16.0,6.0,1.0,44.0,0,12,1,5
664141,JT Brubaker,,2.38,1.59,6.35,5.0529,6.35,0.0,0.79,11.333333333333334,0,0,0,8.0,8.0,1.0,48.0,0,9,0,0
691799,Grant Taylor,,3.97,1.24,12.71,1.4353,3.18,0.25,0.0,11.333333333333334,0,0,0,16.0,4.0,0.0,48.0,4,9,0,1
595345,Steven Okert,,3.18,0.97,7.15,4.0824,3.97,0.093,0.79,11.333333333333334,1,0,0,9.0,5.0,1.0,43.0,0,12,0,2
643511,Tyler Rogers,,0.79,1.06,3.97,3.3765,3.18,0.0213,0.0,11.333333333333334,0,1,1,5.0,4.0,0.0,47.0,0,11,0,3
641302,Tyler Alexander,,0.79,1.24,7.94,2.2294,2.38,0.1489,0.0,11.333333333333334,1,0,0,10.0,3.0,0.0,47.0,0,11,2,3
687396,Brent Headrick,,1.59,1.5,10.32,2.2294,3.97,0.1569,0.0,11.333333333333334,1,1,0,13.0,5.0,0.0,51.0,0,13,0,1
670036,Matt Festa,,6.35,1.24,7.15,4.1706,0.79,0.1569,1.59,11.333333333333334,0,1,0,9.0,1.0,2.0,51.0,0,9,1,0
669199,Lake Bachar,,2.38,0.97,11.91,2.1412,4.76,0.2,0.0,11.333333333333334,0,0,0,15.0,6.0,0.0,45.0,0,6,0,1
660761,José Suarez,,6.35,1.94,9.53,2.4059,3.97,0.1321,0.0,11.333333333333334,1,0,1,12.0,5.0,0.0,53.0,1,5,1,0
641941,Emilio Pagán,,4.76,1.24,7.94,5.3176,4.76,0.0833,1.59,11.333333333333334,0,2,0,10.0,6.0,2.0,48.0,0,11,6,0
695243,Mason Miller,,0.0,0.35,21.44,-1.0353,1.59,0.6579,0.0,11.333333333333334,0,1,0,27.0,2.0,0.0,38.0,0,11,8,0
623454,Drew Anderson,,7.94,1.68,7.94,5.5824,5.56,0.0556,1.59,11.333333333333334,0,0,0,10.0,7.0,2.0,54.0,0,7,1,1
689296,Anthony Nunez,,1.59,0.71,10.32,3.7294,1.59,0.2619,1.59,11.333333333333334,0,1,0,13.0,2.0,2.0,42.0,0,10,0,3
681982,Grant Anderson,,3.18,1.06,7.15,3.2,4.76,0.0682,0.0,11.333333333333334,0,0,1,9.0,6.0,0.0,44.0,0,11,0,4
623474,Jimmy Herget,,1.64,0.91,6.55,2.2909,1.64,0.1395,0.0,11.0,0,0,1,8.0,2.0,0.0,43.0,2,10,1,3
671922,Cade Smith,,4.09,1.27,11.45,2.6545,2.45,0.2292,0.82,11.0,0,2,0,14.0,3.0,1.0,48.0,0,11,5,0
670329,Rico Garcia,,0.0,0.36,9.0,2.2909,3.27,0.1892,0.0,11.0,0,2,0,11.0,4.0,0.0,37.0,0,11,1,4
665152,Dean Kremer,,4.09,0.91,13.09,5.5636,1.64,0.3256,3.27,11.0,0,0,1,16.0,2.0,4.0,43.0,2,2,0,0
642701,Dennis Santana,,0.82,0.82,5.73,3.2909,4.09,0.0476,0.0,11.0,0,2,1,7.0,5.0,0.0,42.0,0,11,2,2
672582,Angel Zerpa,,5.73,1.73,4.09,4.8364,4.09,0.0,0.82,11.0,1,0,1,5.0,5.0,1.0,47.0,0,10,2,2
688158,David Morgan,,1.64,1.55,9.0,4.8364,7.36,0.04,0.82,11.0,0,2,0,11.0,9.0,1.0,50.0,0,8,0,0
681293,Spencer Arrighetti,,2.45,1.45,10.64,3.0182,6.55,0.0962,0.0,11.0,0,2,0,13.0,8.0,0.0,52.0,2,2,0,0
663855,Jordan Hicks,,4.91,1.91,4.91,4.5636,7.36,-0.0588,0.0,11.0,0,0,1,6.0,9.0,0.0,51.0,0,11,1,1
700669,Gordon Graceffo,,0.84,0.84,5.06,3.7625,5.06,0.0,0.0,10.666666666666666,0,1,0,6.0,6.0,0.0,40.0,0,8,1,1
670970,Adrian Morejon,,6.75,1.59,8.44,1.8875,1.69,0.1633,0.0,10.666666666666666,1,2,0,10.0,2.0,0.0,49.0,0,9,0,3
686613,Hunter Brown,,0.84,1.03,14.34,1.7,5.06,0.2558,0.0,10.666666666666666,0,1,0,17.0,6.0,0.0,43.0,2,2,0,0
571948,Hoby Milner,,1.69,0.94,0.84,4.7938,1.69,-0.0244,0.84,10.666666666666666,1,0,0,1.0,2.0,1.0,41.0,0,10,0,1
681870,Erik Sabrowski,,3.38,0.94,15.19,2.45,4.22,0.3095,0.84,10.666666666666666,1,0,1,18.0,5.0,1.0,42.0,0,12,0,9
677865,Justin Bruihl,,6.75,1.59,5.06,5.5438,6.75,-0.0408,0.84,10.666666666666666,1,0,0,6.0,8.0,1.0,49.0,0,12,0,4
678368,Valente Bellozo,,7.59,1.59,6.75,9.7625,5.91,0.0208,4.22,10.666666666666666,0,0,1,8.0,7.0,5.0,48.0,0,3,0,0
693855,Ian Seymour,,8.44,1.5,10.97,2.5438,1.69,0.234,0.84,10.666666666666666,1,0,0,13.0,2.0,1.0,47.0,0,9,0,4
672335,Cionel Pérez,,5.91,1.59,5.91,5.7313,4.22,0.0426,1.69,10.666666666666666,1,1,2,7.0,5.0,2.0,47.0,0,11,0,4
663992,Richard Lovelady,,3.48,1.65,7.84,4.7484,6.1,0.0435,0.87,10.333333333333334,1,1,1,9.0,7.0,1.0,46.0,0,8,0,0
694851,Andrew Hoffmann,,1.74,1.16,9.58,5.329,5.23,0.1163,1.74,10.333333333333334,0,1,0,11.0,6.0,2.0,43.0,0,6,0,0
666661,Juan Morillo,,2.61,0.97,8.71,3.6839,3.48,0.1463,0.87,10.333333333333334,0,1,1,10.0,4.0,1.0,41.0,0,11,1,6
596001,Jakob Junis,,2.61,0.87,5.23,3.2,3.48,0.0488,0.0,10.333333333333334,0,0,0,6.0,4.0,0.0,41.0,0,9,3,3
656546,Jeff Hoffman,,6.97,1.94,20.03,3.0065,5.23,0.3269,1.74,10.333333333333334,0,1,2,23.0,6.0,2.0,52.0,0,11,3,0
693686,Spencer Miles,,3.48,1.35,7.84,5.1355,3.48,0.1136,1.74,10.333333333333334,0,1,0,9.0,4.0,2.0,44.0,0,6,0,0
666171,Ryan Zeferjahn,,6.1,1.45,11.32,2.4258,5.23,0.1489,0.0,10.333333333333334,0,1,1,13.0,6.0,0.0,47.0,0,7,0,0
656271,Brock Burke,,0.87,1.16,11.32,1.8452,3.48,0.2143,0.0,10.333333333333334,1,1,1,13.0,4.0,0.0,42.0,0,11,1,1
664199,Taylor Clarke,,3.48,0.68,5.23,3.2968,0.0,0.1622,0.87,10.333333333333334,0,1,0,6.0,0.0,1.0,37.0,0,10,0,5
623437,Justin Topa,,4.35,1.55,5.23,4.4581,3.48,0.0444,0.87,10.333333333333334,0,0,1,6.0,4.0,1.0,45.0,0,13,1,2
680767,Victor Vodnik,,3.6,1.8,5.4,4.8,4.5,0.0213,0.9,10.0,0,0,1,6.0,5.0,1.0,47.0,0,9,3,0
668873,Caleb Kilian,,0.9,0.8,12.6,3.5,5.4,0.2105,0.9,10.0,0,1,0,14.0,6.0,1.0,38.0,0,10,0,1
681867,Cooper Criswell,,1.8,1.1,7.2,5.1,2.7,0.1351,1.8,10.0,0,0,0,8.0,3.0,2.0,37.0,0,7,1,0
674370,Osvaldo Bido,,6.3,1.2,5.4,4.8,4.5,0.0244,0.9,10.0,0,1,0,6.0,5.0,1.0,41.0,0,6,1,0
642528,Jonathan Loáisiga,,4.5,1.3,7.2,3.2,0.9,0.1667,0.9,10.0,0,0,1,8.0,1.0,1.0,42.0,0,10,1,4
593974,Wandy Peralta,,1.8,1.5,9.0,3.4,2.7,0.1591,0.9,10.0,1,0,0,10.0,3.0,1.0,44.0,0,10,0,1
687911,Bryan King,,1.8,1.2,10.8,1.7,2.7,0.2,0.0,10.0,1,0,1,12.0,3.0,0.0,45.0,0,8,1,2
663574,Tony Santillan,,0.0,0.9,10.8,2.6,5.4,0.1622,0.0,10.0,0,1,0,12.0,6.0,0.0,37.0,0,10,1,7
640448,Kyle Finnegan,,0.0,1.3,3.6,4.8,7.2,-0.1,0.0,10.0,0,1,0,4.0,8.0,0.0,40.0,0,10,0,2
641755,Tyler Kinley,,0.9,0.7,8.1,2.3,2.7,0.1622,0.0,10.0,0,3,0,9.0,3.0,0.0,37.0,0,11,0,2
663947,Tyler Holton,,3.6,1.5,7.2,4.7,5.4,0.0455,0.9,10.0,1,0,1,8.0,6.0,1.0,44.0,0,10,0,2
664875,Justin Lawrence,,7.2,1.6,11.7,6.0,4.5,0.1667,2.7,10.0,0,0,1,13.0,5.0,3.0,48.0,0,10,0,2
669276,Dylan Lee,,0.9,0.7,8.1,2.0,1.8,0.1892,0.0,10.0,1,0,0,9.0,2.0,0.0,37.0,0,11,0,4
643410,Mark Leiter Jr.,,7.45,2.07,9.31,5.0621,3.72,0.1224,1.86,9.666666666666666,0,0,1,10.0,4.0,2.0,49.0,0,11,2,1
694361,Will Klein,,2.79,1.34,9.31,2.0621,2.79,0.175,0.0,9.666666666666666,0,1,1,10.0,3.0,0.0,40.0,0,7,0,1
665660,Elvis Alvarado,,8.38,1.86,8.38,4.8552,6.52,0.0455,0.93,9.666666666666666,0,2,0,9.0,7.0,1.0,44.0,0,10,0,3
656638,Alex Lange,,8.38,1.86,14.9,4.4414,5.59,0.2128,1.86,9.666666666666666,0,0,2,16.0,6.0,2.0,47.0,0,8,0,0
605130,Scott Barlow,,4.66,1.24,8.38,5.8897,5.59,0.0714,1.86,9.666666666666666,0,0,0,9.0,6.0,2.0,42.0,0,10,0,4
688883,Peyton Pallette,,3.72,1.03,10.24,3.2,2.79,0.2,0.93,9.666666666666666,0,0,1,11.0,3.0,1.0,40.0,0,6,0,1
657756,Connor Seabold,,2.79,1.24,10.24,4.5448,2.79,0.2,1.86,9.666666666666666,0,1,0,11.0,3.0,2.0,40.0,0,6,0,0
668390,Cole Winn,,2.79,1.24,9.31,5.3724,4.66,0.122,1.86,9.666666666666666,0,1,0,10.0,5.0,2.0,41.0,0,10,1,4
656848,Michael Petersen,,3.72,1.03,7.45,4.131,3.72,0.1026,0.93,9.666666666666666,0,1,1,8.0,4.0,1.0,39.0,0,8,1,1
663158,Robert Suarez,,0.93,0.83,10.24,1.2345,0.93,0.2778,0.0,9.666666666666666,0,2,0,11.0,1.0,0.0,36.0,0,10,1,4
663542,Bryan Hudson,,1.86,1.55,11.17,2.5793,5.59,0.1364,0.0,9.666666666666666,1,0,0,12.0,6.0,0.0,44.0,0,10,0,2
669084,DL Hall,,2.79,1.66,11.17,4.5448,7.45,0.0909,0.93,9.666666666666666,1,0,0,12.0,8.0,1.0,44.0,0,10,0,2
571578,Patrick Corbin,,4.66,1.24,8.38,4.6483,1.86,0.1707,1.86,9.666666666666666,1,0,0,9.0,2.0,2.0,41.0,2,2,0,0
542888,Shawn Armstrong,,4.66,1.55,12.1,5.3724,6.52,0.1364,1.86,9.666666666666666,0,1,0,13.0,7.0,2.0,44.0,0,11,0,3
594580,Sam Moll,,1.86,0.93,8.38,3.5103,6.52,0.0488,0.0,9.666666666666666,1,1,0,9.0,7.0,0.0,41.0,0,10,0,1
666277,George Soriano,,4.82,1.07,6.75,5.0214,5.79,0.0256,0.96,9.333333333333334,0,1,0,7.0,6.0,1.0,39.0,0,9,0,1
592773,Ryne Stanek,,7.71,2.14,11.57,4.2714,6.75,0.1042,0.96,9.333333333333334,0,1,0,12.0,7.0,1.0,48.0,0,10,1,4
682254,Mason Montgomery,,4.82,1.71,18.32,2.1286,4.82,0.3182,0.96,9.333333333333334,1,1,0,19.0,5.0,1.0,44.0,1,10,0,4
623211,Huascar Brazobán,,0.0,1.07,7.71,2.1286,1.93,0.1579,0.0,9.333333333333334,0,1,0,8.0,2.0,0.0,38.0,0,9,0,1
660825,Eduard Bazardo,,0.96,1.18,7.71,3.0929,4.82,0.0789,0.0,9.333333333333334,0,0,0,8.0,5.0,0.0,38.0,0,10,0,2
641401,Connor Brogdon,,6.75,1.07,8.68,6.0929,1.93,0.1795,2.89,9.333333333333334,0,2,2,9.0,2.0,3.0,39.0,0,9,1,2
571510,Matthew Boyd,,6.75,1.18,16.39,1.9143,2.89,0.3784,0.96,9.333333333333334,1,1,1,17.0,3.0,1.0,37.0,2,2,0,0
664299,Cristian Javier,,12.54,2.36,3.86,8.0214,8.68,-0.1042,1.93,9.333333333333334,0,0,1,4.0,9.0,2.0,48.0,3,3,0,0
664854,Ryan Helsley,,1.93,1.29,13.5,1.8071,4.82,0.225,0.0,9.333333333333334,0,0,1,14.0,5.0,0.0,40.0,0,10,6,0
676263,Jack Dreyer,,1.93,0.86,10.61,2.1286,3.86,0.2059,0.0,9.333333333333334,1,1,0,11.0,4.0,0.0,34.0,0,9,0,2
657424,Matt Gage,,1.93,0.96,6.75,4.3786,3.86,0.0857,0.96,9.333333333333334,1,1,0,7.0,4.0,1.0,35.0,0,10,0,2
572955,Pierce Johnson,,2.89,1.29,9.64,3.0929,1.93,0.2,0.96,9.333333333333334,0,1,1,10.0,2.0,1.0,40.0,0,11,0,2
656222,Jalen Beeks,,0.96,1.18,7.71,2.45,2.89,0.1316,0.0,9.333333333333334,1,1,1,8.0,3.0,0.0,38.0,0,10,0,3
657514,Brennan Bernardino,,0.96,1.07,7.71,2.45,2.89,0.1351,0.0,9.333333333333334,1,2,0,8.0,3.0,0.0,37.0,1,11,0,1
690925,Clayton Beeter,,3.86,1.29,6.75,7.0571,7.71,-0.0238,1.93,9.333333333333334,0,1,0,7.0,8.0,2.0,42.0,0,9,2,2
687330,Kevin Kelly,,5.79,0.96,8.68,3.95,3.86,0.1351,0.96,9.333333333333334,0,2,1,9.0,4.0,1.0,37.0,0,9,2,2
686610,Ken Waldichuk,,6.75,1.5,7.71,8.9857,5.79,0.0488,3.86,9.333333333333334,1,0,0,8.0,6.0,4.0,41.0,0,5,0,0
676775,Keaton Winn,,2.89,0.64,11.57,1.2714,1.93,0.2941,0.0,9.333333333333334,0,0,1,12.0,2.0,0.0,34.0,0,10,0,3
664991,Grant Wolfram,,2.89,1.18,15.43,0.0929,0.96,0.3571,0.0,9.333333333333334,1,1,0,16.0,1.0,0.0,42.0,0,10,0,3
702273,Noah Schultz,,3.86,0.96,9.64,4.0571,4.82,0.1316,0.96,9.333333333333334,1,1,1,10.0,5.0,1.0,38.0,2,2,0,0
669711,Greg Weissert,,4.82,1.07,13.5,5.3429,2.89,0.2821,2.89,9.333333333333334,0,0,1,14.0,3.0,3.0,39.0,0,10,0,3
676477,Garrett Whitlock,,2.0,1.11,12.0,3.6444,5.0,0.1892,1.0,9.0,0,2,1,12.0,5.0,1.0,37.0,0,9,0,3
681892,Kody Funderburk,,2.0,1.56,8.0,5.2,7.0,0.0238,1.0,9.0,1,1,1,8.0,7.0,1.0,42.0,0,12,1,4
676428,Brant Hurter,,3.0,1.11,6.0,4.3111,3.0,0.0833,1.0,9.0,1,1,0,6.0,3.0,1.0,36.0,0,8,0,1
678606,Jose A. Ferrer,,3.0,1.78,7.0,1.9778,1.0,0.1364,0.0,9.0,1,0,0,7.0,1.0,0.0,44.0,0,12,0,2
665622,Luis Medina,,3.0,1.22,10.0,4.0889,5.0,0.1316,1.0,9.0,0,0,1,10.0,5.0,1.0,38.0,0,7,0,0
675848,Juan Mejia,,7.0,2.0,7.0,4.4222,4.0,0.0698,1.0,9.0,0,0,2,7.0,4.0,1.0,43.0,1,8,1,0
682842,Abner Uribe,,4.0,1.22,9.0,2.2,3.0,0.1622,0.0,9.0,0,1,0,9.0,3.0,0.0,37.0,0,10,2,4
676254,Ryan Walker,,4.0,1.56,10.0,4.0889,5.0,0.125,1.0,9.0,0,0,0,10.0,5.0,1.0,40.0,0,9,1,2
661563,Luis Gil,,7.0,1.44,7.0,9.0889,5.0,0.0488,4.0,9.0,0,0,1,7.0,5.0,4.0,41.0,2,2,0,0
657612,Tim Hill,,1.0,0.56,3.0,2.5333,0.0,0.1,0.0,9.0,1,0,0,3.0,0.0,0.0,30.0,0,9,0,3
663738,Daniel Lynch IV,,1.0,0.56,12.0,1.5333,3.0,0.2647,0.0,9.0,1,0,0,12.0,3.0,0.0,34.0,0,8,0,2
657097,Jacob Webb,,5.0,1.89,10.0,5.5333,5.0,0.122,2.0,9.0,0,0,1,10.0,5.0,2.0,41.0,0,10,0,0
544150,Albert Suárez,,5.0,1.11,4.0,7.3111,2.0,0.0556,3.0,9.0,0,1,0,4.0,2.0,3.0,36.0,0,4,1,0
676684,Will Vest,,5.0,1.33,11.0,2.4222,5.0,0.1538,0.0,9.0,0,1,3,11.0,5.0,0.0,39.0,0,10,0,2
621383,Tanner Banks,,4.15,1.62,10.38,3.7769,4.15,0.1538,1.04,8.666666666666666,1,0,0,10.0,4.0,1.0,39.0,0,8,0,1
663765,Jake Woodford,,4.15,1.73,5.19,4.2385,2.08,0.075,1.04,8.666666666666666,0,1,0,5.0,2.0,1.0,40.0,0,6,0,0
679358,Eric Orze,,4.15,1.5,6.23,3.2,4.15,0.0541,0.0,8.666666666666666,0,0,0,6.0,4.0,0.0,37.0,0,8,1,3
656464,Kevin Ginkel,,5.19,1.5,12.46,1.4692,3.12,0.2308,0.0,8.666666666666666,0,0,1,12.0,3.0,0.0,39.0,0,9,0,2
685005,Christian Roa,,5.19,1.96,6.23,5.7385,7.27,-0.0233,1.04,8.666666666666666,0,0,1,6.0,7.0,1.0,43.0,0,7,0,0
670280,David Bednar,,4.15,1.85,12.46,2.1615,5.19,0.1667,0.0,8.666666666666666,0,1,2,12.0,5.0,0.0,42.0,0,9,6,0
641745,Brad Keller,,4.15,1.27,9.35,3.6615,3.12,0.1667,1.04,8.666666666666666,0,0,0,9.0,3.0,1.0,36.0,0,9,0,4
607455,Anthony Banda,,10.38,1.62,8.31,3.5462,2.08,0.1395,1.04,8.666666666666666,1,1,0,8.0,2.0,1.0,43.0,0,9,0,1
663465,Kolby Allard,,10.38,2.19,9.35,5.1615,3.12,0.1333,2.08,8.666666666666666,1,0,0,9.0,3.0,2.0,45.0,0,4,0,0
657044,Ryan Thompson,,0.0,0.69,5.19,3.0846,3.12,0.0625,0.0,8.666666666666666,0,1,0,5.0,3.0,0.0,32.0,0,12,0,4
667463,John King,,1.04,0.69,9.35,4.0077,4.15,0.1471,1.04,8.666666666666666,1,1,0,9.0,4.0,1.0,34.0,0,10,0,1
656945,Tanner Scott,,1.04,0.58,8.31,2.8538,0.0,0.2667,1.04,8.666666666666666,1,0,0,8.0,0.0,1.0,30.0,0,10,0,4
677955,Jaden Hill,,1.04,1.27,8.31,3.4308,6.23,0.0526,0.0,8.666666666666666,0,0,1,8.0,6.0,0.0,38.0,0,10,0,3
681911,Alex Vesia,,0.0,0.58,10.38,1.9308,3.12,0.2258,0.0,8.666666666666666,1,0,0,10.0,3.0,0.0,31.0,0,10,2,3
667297,Tommy Nance,,6.23,1.62,9.35,4.0077,4.15,0.125,1.04,8.666666666666666,0,0,1,9.0,4.0,1.0,40.0,0,9,0,1
596133,Luke Weaver,,6.23,1.04,4.15,4.8154,3.12,0.0278,1.04,8.666666666666666,0,1,0,4.0,3.0,1.0,36.0,0,9,0,2
642100,Gabe Speier,,2.08,1.15,9.35,2.1615,3.12,0.1667,0.0,8.666666666666666,1,0,2,9.0,3.0,0.0,36.0,0,10,1,3
681217,Chase Silseth,,2.08,1.38,10.38,4.4692,6.23,0.1053,1.04,8.666666666666666,0,0,0,10.0,6.0,1.0,38.0,0,12,0,3
837227,Tatsuya Imai,,7.27,2.08,13.5,4.0077,11.42,0.0455,0.0,8.666666666666666,0,1,0,13.0,11.0,0.0,44.0,3,3,0,0
628452,Raisel Iglesias,,0.0,0.69,11.42,1.0077,1.04,0.3226,0.0,8.666666666666666,0,0,0,11.0,1.0,0.0,31.0,0,8,5,0
623149,Paul Sewald,,2.16,0.48,11.88,3.68,0.0,0.3793,2.16,8.333333333333334,0,0,2,11.0,0.0,2.0,29.0,0,10,7,0
668674,Lucas Erceg,,6.48,1.8,5.4,4.16,6.48,-0.0278,0.0,8.333333333333334,0,0,1,5.0,6.0,0.0,36.0,0,9,5,1
666808,Camilo Doval,,7.56,1.2,8.64,4.76,1.08,0.1892,2.16,8.333333333333334,0,1,0,8.0,1.0,2.0,37.0,0,10,0,1
641329,Bryan Baker,,4.32,1.2,9.72,3.68,3.24,0.1714,1.08,8.333333333333334,0,1,0,9.0,3.0,1.0,35.0,0,9,4,0
675989,Cody Bolton,,5.4,1.68,11.88,4.64,7.56,0.1026,1.08,8.333333333333334,0,0,1,11.0,7.0,1.0,39.0,2,3,1,0
663485,Cole Sands,,4.32,1.56,7.56,4.52,4.32,0.0811,1.08,8.333333333333334,0,0,1,7.0,4.0,1.0,37.0,0,9,1,3
681343,Shane Smith,,10.8,2.52,11.88,5.36,9.72,0.0408,1.08,8.333333333333334,0,0,2,11.0,9.0,1.0,49.0,3,3,0,0
669622,Anthony Bender,,7.56,1.92,12.96,3.2,8.64,0.093,0.0,8.333333333333334,0,1,0,12.0,8.0,0.0,43.0,0,10,1,3
664126,Pete Fairbanks,,7.88,1.13,13.5,2.2,1.13,0.3235,1.13,8.0,0,0,1,12.0,1.0,1.0,34.0,1,8,4,0
642232,Ryan Yarbrough,,5.63,1.25,4.5,4.95,3.38,0.0294,1.13,8.0,1,0,0,4.0,3.0,1.0,34.0,0,5,0,0
685299,Tanner Gordon,,6.75,1.63,11.25,7.075,4.5,0.1667,3.38,8.0,0,0,0,10.0,4.0,3.0,36.0,0,2,0,0
689254,Mason Fluharty,,6.75,1.63,12.38,3.575,4.5,0.1892,1.13,8.0,1,0,0,11.0,4.0,1.0,37.0,1,11,0,3
676395,Robert Garcia,,3.38,1.5,6.75,4.325,7.88,-0.0294,0.0,8.0,1,0,1,6.0,7.0,0.0,34.0,0,9,0,2
677961,Cole Wilcox,,6.75,1.75,11.25,3.825,4.5,0.1538,1.13,8.0,0,0,0,10.0,4.0,1.0,39.0,0,7,0,0
676534,Calvin Faucher,,4.5,1.75,13.5,3.2,9.0,0.1026,0.0,8.0,0,2,2,12.0,8.0,0.0,39.0,0,10,0,2
677161,Zack Kelly,,4.5,0.88,4.5,4.2,1.13,0.0968,1.13,8.0,0,0,1,4.0,1.0,1.0,31.0,0,7,0,1
670167,John Schreiber,,5.63,1.75,4.5,7.7,6.75,-0.0513,2.25,8.0,0,0,2,4.0,6.0,2.0,39.0,0,10,1,0
694918,Blade Tidwell,,2.25,0.75,6.75,3.7,1.13,0.1786,1.13,8.0,0,0,0,6.0,1.0,1.0,28.0,0,6,1,1
548384,Brooks Raley,,2.25,1.0,10.13,3.7,3.38,0.1875,1.13,8.0,1,0,1,9.0,3.0,1.0,32.0,0,9,0,3
573204,Caleb Thielbar,,2.25,1.13,12.38,3.575,4.5,0.2059,1.13,8.0,1,2,2,11.0,4.0,1.0,34.0,0,9,1,1
669212,Eli Morgan,,1.13,1.25,9.0,5.075,6.75,0.0571,1.13,8.0,0,0,1,8.0,6.0,1.0,35.0,0,5,1,0
662253,Andrés Muñoz,,7.88,1.63,15.75,3.2,5.63,0.2368,1.13,8.0,0,2,2,14.0,5.0,1.0,38.0,0,9,3,0
687606,Paxton Schultz,,4.5,1.13,7.88,5.075,1.13,0.1714,2.25,8.0,0,0,0,7.0,1.0,2.0,35.0,0,5,0,0
608371,Lucas Sims,,3.38,1.5,7.88,3.325,5.63,0.0556,0.0,8.0,0,0,2,7.0,5.0,0.0,36.0,0,7,0,2
519141,Drew Pomeranz,,4.5,1.13,5.63,4.7,3.38,0.0606,1.13,8.0,1,0,1,5.0,3.0,1.0,33.0,0,8,0,5
621112,Paul Blackburn,,4.5,1.88,5.63,3.075,3.38,0.0513,0.0,8.0,0,1,1,5.0,3.0,0.0,39.0,0,6,0,0
622554,Seranthony Domínguez,,5.63,1.75,11.25,6.95,9.0,0.0488,2.25,8.0,0,1,2,10.0,8.0,2.0,41.0,0,9,4,0
573124,Taylor Rogers,,3.38,1.5,7.88,2.575,3.38,0.1143,0.0,8.0,1,0,0,7.0,3.0,0.0,35.0,0,9,0,3
621381,Matt Strahm,,3.52,1.04,10.57,3.7217,3.52,0.1875,1.17,7.666666666666667,1,0,0,9.0,3.0,1.0,32.0,0,8,0,6
681402,Gus Varland,,3.52,1.43,10.57,3.7217,3.52,0.1765,1.17,7.666666666666667,0,0,0,9.0,3.0,1.0,34.0,0,8,2,2
547973,Aroldis Chapman,,1.17,1.04,9.39,2.287,3.52,0.1667,0.0,7.666666666666667,1,0,1,8.0,3.0,0.0,30.0,0,8,4,0
660853,Enyel De Los Santos,,1.17,0.78,8.22,3.4609,1.17,0.2069,1.17,7.666666666666667,0,0,0,7.0,1.0,1.0,29.0,0,7,2,0
683232,Nick Mears,,3.52,1.3,7.04,3.2,4.7,0.0625,0.0,7.666666666666667,0,1,1,6.0,4.0,0.0,32.0,0,8,0,2
700712,Walbert Urena,,2.35,1.83,11.74,2.5478,5.87,0.1282,0.0,7.666666666666667,0,0,2,10.0,5.0,0.0,39.0,1,3,0,1
643377,Griffin Jax,,7.04,1.96,8.22,7.113,7.04,0.0263,2.35,7.666666666666667,0,1,2,7.0,6.0,2.0,38.0,0,10,0,2
678022,Jack Perkins,,4.91,1.64,12.27,1.7,3.68,0.2,0.0,7.333333333333333,0,2,0,10.0,3.0,0.0,35.0,0,4,0,0
666374,Matt Brash,,0.0,0.68,6.14,2.6545,2.45,0.1154,0.0,7.333333333333333,0,1,0,5.0,2.0,0.0,26.0,0,9,0,3
650556,Bryan Abreu,,14.73,3.0,14.73,12.3364,15.95,-0.0233,4.91,7.333333333333333,0,0,2,12.0,13.0,4.0,43.0,0,9,1,2
690990,Cade Horton,,2.45,0.82,4.91,4.7,2.45,0.0769,1.23,7.333333333333333,0,1,0,4.0,2.0,1.0,26.0,2,2,0,0
806960,Luis Morales,,12.27,2.86,6.14,12.2,9.82,-0.0714,4.91,7.333333333333333,0,0,2,5.0,8.0,4.0,42.0,2,2,0,0
518585,Fernando Cruz,,2.45,1.5,12.27,3.3364,8.59,0.0909,0.0,7.333333333333333,0,1,0,10.0,7.0,0.0,33.0,0,10,0,3
677053,Andrew Nardi,,6.14,1.64,9.82,4.8364,6.14,0.0909,1.23,7.333333333333333,1,1,0,8.0,5.0,1.0,33.0,0,9,0,3
647315,Zach Pop,,3.68,1.09,7.36,2.7909,3.68,0.0968,0.0,7.333333333333333,0,0,0,6.0,3.0,0.0,31.0,1,7,0,0
666974,Yennier Cano,,1.23,0.68,11.05,1.1545,1.23,0.2963,0.0,7.333333333333333,0,1,1,9.0,1.0,0.0,27.0,0,11,0,2
683618,Edgardo Henriquez,,5.14,1.43,10.29,4.0571,3.86,0.1667,1.29,7.0,0,1,0,8.0,3.0,1.0,30.0,0,7,0,0
669062,Erik Miller,,5.14,1.57,15.43,1.4857,5.14,0.25,0.0,7.0,1,0,0,12.0,4.0,0.0,32.0,0,8,1,1
656730,Trevor Megill,,10.29,1.86,11.57,2.3429,5.14,0.1389,0.0,7.0,0,0,2,9.0,4.0,0.0,36.0,0,8,4,1
669093,Jeremiah Estrada,,5.14,1.43,10.29,3.0571,6.43,0.1,0.0,7.0,0,1,1,8.0,5.0,0.0,30.0,0,7,0,3
680742,Jonathan Bowlan,,3.86,1.29,10.29,1.3429,1.29,0.2414,0.0,7.0,0,1,0,8.0,1.0,0.0,29.0,0,7,0,0
682995,Hunter Barco,,6.43,2.14,6.43,10.3429,9.0,-0.0541,3.86,7.0,1,0,1,5.0,7.0,3.0,37.0,0,4,0,1
621237,José Alvarado,,9.0,1.86,11.57,1.9143,3.86,0.1714,0.0,7.0,1,0,1,9.0,3.0,0.0,35.0,0,10,0,3
669371,Cole Henry,,6.43,1.71,10.29,4.4857,5.14,0.1176,1.29,7.0,0,0,2,8.0,4.0,1.0,34.0,0,7,0,0
669270,Joel Kuhnel,,1.29,0.57,3.86,2.3429,0.0,0.12,0.0,7.0,0,0,0,3.0,0.0,0.0,25.0,0,7,4,1
656234,Jake Bird,,7.71,1.43,11.57,2.9143,1.29,0.25,1.29,7.0,0,1,1,9.0,1.0,1.0,32.0,0,8,0,1
621366,Ryan Borucki,,6.75,1.65,9.45,5.9,2.7,0.1667,2.7,6.666666666666667,1,0,1,7.0,2.0,2.0,30.0,0,8,0,0
641585,J.P. France,,8.1,1.65,5.4,6.2,6.75,-0.0323,1.35,6.666666666666667,0,0,0,4.0,5.0,1.0,31.0,0,3,0,0
661395,Jhoan Duran,,1.35,0.75,10.8,0.8,0.0,0.3333,0.0,6.666666666666667,0,1,1,8.0,0.0,0.0,24.0,0,7,5,0
573009,Joe Mantiply,,5.4,1.2,13.5,3.05,2.7,0.2759,1.35,6.666666666666667,1,1,0,10.0,2.0,1.0,29.0,0,6,0,0
679775,Kyle Backhus,,5.4,1.2,12.15,4.85,1.35,0.2857,2.7,6.666666666666667,1,0,0,9.0,1.0,2.0,28.0,0,7,0,0
646241,Enmanuel De Jesus,,5.4,1.95,10.8,2.6,5.4,0.1176,0.0,6.666666666666667,1,1,0,8.0,4.0,0.0,34.0,0,5,0,0
595014,Blake Treinen,,4.05,1.5,8.1,4.7,4.05,0.1,1.35,6.666666666666667,0,1,1,6.0,3.0,1.0,30.0,0,9,0,4
689147,Orion Kerkering,,4.26,1.26,5.68,4.9368,2.84,0.0741,1.42,6.333333333333333,0,0,0,4.0,2.0,1.0,27.0,0,6,0,1
676467,Colton Gordon,,9.95,2.05,14.21,8.7263,1.42,0.2903,5.68,6.333333333333333,1,0,0,10.0,1.0,4.0,31.0,1,2,0,0
664353,José Urquidy,,8.53,2.68,8.53,4.3053,2.84,0.1111,1.42,6.333333333333333,0,0,1,6.0,2.0,1.0,36.0,0,5,1,0
642207,Devin Williams,,7.11,2.05,15.63,3.2,4.26,0.2581,1.42,6.333333333333333,0,0,0,11.0,3.0,1.0,31.0,0,7,2,0
605447,Jordan Romano,,7.11,1.74,14.21,4.4632,7.11,0.1667,1.42,6.333333333333333,0,0,2,10.0,5.0,1.0,30.0,0,9,4,0
685801,Hunter Bigge,,1.42,0.95,2.84,6.9895,7.11,-0.12,1.42,6.333333333333333,0,0,0,2.0,5.0,1.0,25.0,0,6,0,4
455119,Chris Martin,,7.11,1.74,9.95,3.0421,0.0,0.2414,1.42,6.333333333333333,0,1,1,7.0,0.0,1.0,29.0,0,8,0,1
472610,Luis García,,7.11,2.05,5.68,2.8842,2.84,0.0625,0.0,6.333333333333333,0,0,0,4.0,2.0,0.0,32.0,0,6,0,0
702303,Riley Martin,,0.0,0.63,9.95,0.9895,0.0,0.3182,0.0,6.333333333333333,1,0,0,7.0,0.0,0.0,22.0,1,6,0,0
689520,Cody Laweryson,,4.26,0.79,11.37,1.6211,2.84,0.2308,0.0,6.333333333333333,0,0,0,8.0,2.0,0.0,26.0,0,5,1,1
669684,Chris Murphy,,10.5,2.33,9.0,5.8667,7.5,0.0312,1.5,6.0,1,1,0,6.0,5.0,1.0,32.0,0,6,1,0
621242,Edwin Díaz,,10.5,2.33,15.0,4.5333,7.5,0.1515,1.5,6.0,0,1,0,10.0,5.0,1.0,33.0,0,7,4,0
679883,Luinder Avila,,9.0,3.0,9.0,5.3667,6.0,0.0606,1.5,6.0,0,0,1,6.0,4.0,1.0,33.0,1,2,0,0
681252,Jack Anderson,,3.0,1.0,6.0,5.0333,3.0,0.0909,1.5,6.0,0,0,0,4.0,2.0,1.0,22.0,0,2,0,0
691945,Carter Baumler,,3.18,1.76,9.53,6.5529,9.53,0.0,1.59,5.666666666666667,0,0,0,6.0,6.0,1.0,27.0,0,4,0,0
607481,Aaron Bummer,,4.76,1.59,7.94,5.3176,4.76,0.0714,1.59,5.666666666666667,1,0,1,5.0,3.0,1.0,28.0,0,9,0,3
683742,Jose Franco,,3.18,2.12,6.35,4.4353,7.94,-0.037,0.0,5.666666666666667,0,0,0,4.0,5.0,0.0,27.0,0,3,0,1
663767,Chase Shugart,,1.59,1.24,9.53,4.4353,3.18,0.1739,1.59,5.666666666666667,0,0,0,6.0,2.0,1.0,23.0,0,4,0,0
445276,Kenley Jansen,,1.59,0.88,11.12,3.5529,1.59,0.2727,1.59,5.666666666666667,0,0,0,7.0,1.0,1.0,22.0,0,7,5,0
543056,Danny Coulombe,,3.18,1.24,3.18,6.3765,4.76,-0.0417,1.59,5.666666666666667,1,0,0,2.0,3.0,1.0,24.0,0,9,0,1
670183,Garrett Acton,,1.59,0.88,11.12,2.3176,4.76,0.1739,0.0,5.666666666666667,0,1,1,7.0,3.0,0.0,23.0,0,3,0,0
689441,Coleman Crow,,3.38,0.94,6.75,2.2625,1.69,0.1429,0.0,5.333333333333333,0,0,0,4.0,1.0,0.0,21.0,1,1,0,0
693312,Kyle Nicolas,,5.06,1.88,8.44,6.575,8.44,0.0,1.69,5.333333333333333,0,1,0,5.0,5.0,1.0,26.0,0,5,0,0
518876,Merrill Kelly,,3.38,1.69,5.06,6.7625,6.75,-0.0417,1.69,5.333333333333333,0,1,0,3.0,4.0,1.0,24.0,1,1,0,0
694037,Daniel Palencia,,0.0,1.0,9.0,2.4,3.6,0.1579,0.0,5.0,0,1,0,5.0,2.0,0.0,19.0,0,5,1,0
681168,Luis Curvelo,,5.4,1.6,5.4,8.4,3.6,0.0455,3.6,5.0,0,0,0,3.0,2.0,2.0,22.0,0,4,0,1
674444,Steven Cruz,,14.4,2.2,12.6,13.2,7.2,0.1154,7.2,5.0,0,0,0,7.0,4.0,4.0,26.0,0,5,0,0
682120,Tim Herrin,,0.0,1.8,5.4,4.4,7.2,-0.0417,0.0,5.0,1,0,1,3.0,4.0,0.0,24.0,0,8,0,0
680730,Mitchell Parker,,5.4,1.4,12.6,3.0,0.0,0.3043,1.8,5.0,1,1,0,7.0,0.0,1.0,23.0,0,2,0,0
687064,Brandon Young,,0.0,0.8,3.6,3.6,3.6,0.0,0.0,5.0,0,1,0,2.0,2.0,0.0,18.0,1,1,0,0
663567,Peter Lambert,,7.2,1.6,14.4,0.6,1.8,0.2917,0.0,5.0,0,0,1,8.0,1.0,0.0,24.0,1,1,0,0
676508,Ben Casparius,,9.64,2.14,7.71,6.8429,7.71,0.0,1.93,4.666666666666667,0,0,1,4.0,4.0,1.0,23.0,0,5,0,0
691946,George Klassen,,11.57,3.64,11.57,9.8429,19.29,-0.125,1.93,4.666666666666667,0,0,1,6.0,10.0,1.0,32.0,2,2,0,0
606303,Joel Payamps,,4.15,1.38,12.46,4.1231,2.08,0.2632,2.08,4.333333333333333,0,0,1,6.0,1.0,1.0,19.0,0,8,0,1
547184,Michael Kelly,,6.23,2.31,8.31,7.1231,8.31,0.0,2.08,4.333333333333333,0,0,0,4.0,4.0,1.0,22.0,0,4,0,0
701552,Andre Granillo,,12.46,2.54,2.08,9.2,10.38,-0.1739,2.08,4.333333333333333,0,0,0,1.0,5.0,1.0,23.0,0,5,0,0
702193,Andrew Morris,,8.31,2.54,8.31,2.7385,4.15,0.0833,0.0,4.333333333333333,0,0,0,4.0,2.0,0.0,24.0,0,2,0,1
815083,Mitch Farris,,2.08,1.62,6.23,6.2,4.15,0.0526,2.08,4.333333333333333,1,0,0,3.0,2.0,1.0,19.0,0,3,0,0
608650,Dietrich Enns,,4.15,1.62,14.54,3.4308,10.38,0.1,0.0,4.333333333333333,1,0,0,7.0,5.0,0.0,20.0,0,3,0,0
674841,Andrew Alvarez,,0.0,0.69,10.38,0.8923,0.0,0.3125,0.0,4.333333333333333,1,1,0,5.0,0.0,0.0,16.0,0,1,0,0
682610,Roddery Muñoz,,15.75,3.25,13.5,14.45,13.5,0.0,6.75,4.0,0,0,0,6.0,6.0,3.0,25.0,0,3,0,0
664208,Phil Maton,,13.5,2.5,11.25,6.95,9.0,0.0417,2.25,4.0,0,0,1,5.0,4.0,1.0,24.0,0,5,0,0
687765,Mitch Spence,,13.5,2.25,6.75,8.7,11.25,-0.0952,2.25,4.0,0,0,0,3.0,5.0,1.0,21.0,0,1,0,0
681895,Evan Sisk,,4.5,2.0,13.5,0.95,2.25,0.25,0.0,4.0,1,0,0,6.0,1.0,0.0,20.0,0,3,0,0
681751,Lazaro Estrada,,0.0,0.5,6.75,3.2,4.5,0.0714,0.0,4.0,0,0,0,3.0,2.0,0.0,14.0,0,1,0,0
681151,Jayden Murray,,4.5,2.0,11.25,3.7,9.0,0.0526,0.0,4.0,0,0,0,5.0,4.0,0.0,19.0,0,2,0,0
615698,Cal Quantrill,,6.75,1.5,11.25,2.2,4.5,0.1875,0.0,4.0,0,1,0,5.0,2.0,0.0,16.0,0,2,0,0
800311,Didier Fuentes,,2.25,0.75,9.0,1.95,2.25,0.2,0.0,4.0,0,0,0,4.0,1.0,0.0,15.0,0,1,0,0
640451,Hunter Harvey,,6.75,1.5,9.0,8.45,2.25,0.1667,4.5,4.0,0,0,1,4.0,1.0,2.0,18.0,0,4,0,0
663362,Matt Waldron,,14.73,2.45,9.82,5.3818,2.45,0.1429,2.45,3.6666666666666665,0,0,1,4.0,1.0,1.0,21.0,1,1,0,0
694363,Jared Shuster,,4.91,1.09,2.45,4.2909,4.91,-0.0667,0.0,3.6666666666666665,1,0,0,1.0,2.0,0.0,15.0,0,2,0,0
518886,Craig Kimbrel,,0.0,1.09,7.36,2.3818,2.45,0.1538,0.0,3.6666666666666665,0,0,1,3.0,1.0,0.0,13.0,0,4,0,0
688497,Taylor Rashi,,9.82,1.09,9.82,5.3818,2.45,0.2,2.45,3.6666666666666665,0,1,0,4.0,1.0,1.0,15.0,0,3,0,0
686751,Seth Johnson,,7.36,2.18,9.82,3.4727,7.36,0.0476,0.0,3.6666666666666665,0,0,0,4.0,3.0,0.0,21.0,0,3,0,0
688297,Chris Roycroft,,12.27,3.55,7.36,9.2,12.27,-0.08,2.45,3.6666666666666665,0,0,0,3.0,5.0,1.0,25.0,0,5,0,0
592094,Jason Adam,,2.45,1.36,2.45,3.4727,2.45,0.0,0.0,3.6666666666666665,0,0,0,1.0,1.0,0.0,16.0,0,5,1,3
701719,Tyler Samaniego,,0.0,0.82,9.82,3.4727,7.36,0.0714,0.0,3.6666666666666665,1,0,0,4.0,3.0,0.0,14.0,0,3,0,0
621107,Zach Eflin,,2.45,1.64,17.18,4.5636,4.91,0.2941,2.45,3.6666666666666665,0,0,0,7.0,2.0,1.0,17.0,1,1,0,0
434378,Justin Verlander,,12.27,2.18,2.45,7.8364,4.91,-0.0526,2.45,3.6666666666666665,0,0,1,1.0,2.0,1.0,19.0,1,1,0,0
670912,Johan Oviedo,,9.82,1.91,7.36,9.4727,2.45,0.1111,4.91,3.6666666666666665,0,0,0,3.0,1.0,2.0,18.0,0,1,0,0
671382,Cameron Foster,,9.82,2.73,14.73,3.2,9.82,0.0952,0.0,3.6666666666666665,0,0,0,6.0,4.0,0.0,21.0,0,3,0,0
687849,Zak Kent,,4.91,2.45,4.91,13.2909,12.27,-0.15,4.91,3.6666666666666665,0,0,0,2.0,5.0,2.0,20.0,0,2,0,0
605452,Joe Ross,,19.64,3.0,4.91,8.9273,9.82,-0.0909,2.45,3.6666666666666665,0,0,0,2.0,4.0,1.0,22.0,0,3,0,1
663893,Brendon Little,,24.55,3.55,14.73,13.0182,7.36,0.125,7.36,3.6666666666666665,1,0,2,6.0,3.0,3.0,24.0,0,5,0,0
680704,Nick Sandlin,,16.2,2.1,8.1,8.0,8.1,0.0,2.7,3.3333333333333335,0,0,0,3.0,3.0,1.0,18.0,0,3,0,0
663559,Bailey Falter,,13.5,3.0,10.8,6.5,5.4,0.1,2.7,3.3333333333333335,1,0,0,4.0,2.0,1.0,20.0,0,2,0,0
686580,Justin Slaten,,0.0,1.2,13.5,2.0,5.4,0.2143,0.0,3.3333333333333335,0,0,1,5.0,2.0,0.0,14.0,0,4,0,2
696270,Ryan Johnson,,16.2,3.3,5.4,9.5,10.8,-0.0952,2.7,3.3333333333333335,0,0,1,2.0,4.0,1.0,21.0,1,1,0,0
699151,Jedixson Paez,,18.0,2.33,0.0,14.8667,9.0,-0.1875,6.0,3.0,0,0,0,0.0,3.0,2.0,16.0,0,3,0,0
676596,Josh Fleming,,12.0,2.67,3.0,8.8667,6.0,-0.0556,3.0,3.0,1,0,0,1.0,2.0,1.0,18.0,0,1,0,0
656212,Charlie Barnes,,9.0,2.33,3.0,5.5333,9.0,-0.1176,0.0,3.0,1,0,0,1.0,3.0,0.0,17.0,0,1,0,0
683769,Hunter Gaddis,,6.0,1.33,18.0,4.5333,3.0,0.3846,3.0,3.0,0,0,0,6.0,1.0,1.0,13.0,0,3,0,1
670059,Colin Holderman,,6.0,1.33,9.0,7.5333,6.0,0.0714,3.0,3.0,0,0,0,3.0,2.0,1.0,14.0,0,2,0,0
623168,Tyler Heineman,,15.0,2.67,0.0,8.5333,3.0,-0.0588,3.0,3.0,0,0,0,0.0,1.0,1.0,17.0,0,2,0,0
689266,Dylan Dodd,,0.0,0.33,6.0,1.8667,0.0,0.2,0.0,3.0,1,0,0,2.0,0.0,0.0,10.0,0,1,1,0
681676,Ryan Fernandez,,3.38,2.63,10.13,3.2,6.75,0.0714,0.0,2.6666666666666665,0,0,0,3.0,2.0,0.0,14.0,0,2,0,0
675660,Shane Drohan,,10.13,2.63,6.75,6.2,13.5,-0.1333,0.0,2.6666666666666665,1,0,1,2.0,4.0,0.0,15.0,1,1,0,0
681799,Ethan Roberts,,0.0,0.38,6.75,1.7,0.0,0.2,0.0,2.6666666666666665,0,0,0,2.0,0.0,0.0,10.0,0,3,0,0
656457,Tyler Gilbert,,20.25,2.63,6.75,14.825,10.13,-0.0667,6.75,2.6666666666666665,1,0,0,2.0,3.0,2.0,15.0,0,2,0,0
700413,Tyler Uberstine,,3.38,1.5,6.75,7.7,3.38,0.0909,3.38,2.6666666666666665,0,0,1,2.0,1.0,1.0,11.0,0,1,0,0
608723,Austin Voth,,3.38,1.5,3.38,3.575,3.38,0.0,0.0,2.6666666666666665,0,0,0,1.0,1.0,0.0,12.0,0,1,0,0
685126,Brandon Eisert,,15.43,3.0,7.71,2.7714,3.86,0.0714,0.0,2.3333333333333335,1,0,0,2.0,1.0,0.0,14.0,0,2,0,0
664074,Cody Ponce,,3.86,0.86,11.57,1.9143,3.86,0.2,0.0,2.3333333333333335,0,0,0,3.0,1.0,0.0,10.0,1,1,0,0
683409,Angel Chivilli,,3.86,2.14,11.57,10.0571,11.57,0.0,3.86,2.3333333333333335,0,0,0,3.0,3.0,1.0,13.0,0,2,0,0
694680,Trevor Martin,,3.86,0.86,7.71,1.4857,0.0,0.2222,0.0,2.3333333333333335,0,0,0,2.0,0.0,0.0,9.0,0,1,0,0
664076,Garrett Cleavinger,,7.71,3.0,11.57,5.7714,15.43,-0.0714,0.0,2.3333333333333335,1,1,1,3.0,4.0,0.0,14.0,0,3,0,2
664192,Joey Lucchesi,,7.71,3.43,7.71,6.6286,15.43,-0.125,0.0,2.3333333333333335,1,0,0,2.0,4.0,0.0,16.0,0,3,0,1
657649,Jared Koenig,,0.0,2.14,15.43,2.3429,7.71,0.1538,0.0,2.3333333333333335,1,0,0,4.0,2.0,0.0,13.0,0,3,0,1
686930,Mason Barnett,,0.0,1.5,4.5,5.2,9.0,-0.1111,0.0,2.0,0,0,0,1.0,2.0,0.0,9.0,0,1,0,0
656686,Corbin Martin,,0.0,1.0,4.5,3.7,4.5,0.0,0.0,2.0,0,0,0,1.0,1.0,0.0,8.0,0,2,0,0
689690,Alek Jacob,,0.0,1.0,13.5,1.7,4.5,0.2222,0.0,2.0,0,1,0,3.0,1.0,0.0,9.0,0,1,0,0
680702,Joey Gerber,,0.0,1.5,22.5,-0.3,4.5,0.4444,0.0,2.0,0,0,0,5.0,1.0,0.0,9.0,0,1,0,0
686560,Gavin Collyer,,0.0,1.5,13.5,3.2,9.0,0.1111,0.0,2.0,0,1,0,3.0,2.0,0.0,9.0,0,3,0,0
676130,José Buttó,,22.5,5.0,22.5,17.2,18.0,0.0625,9.0,2.0,0,0,0,5.0,4.0,2.0,16.0,0,3,0,0
669165,Kyle Hurt,,4.5,1.0,18.0,-0.8,0.0,0.4444,0.0,2.0,0,0,0,4.0,0.0,0.0,9.0,0,2,0,0
660787,Yerry De los Santos,,4.5,2.5,4.5,11.7,9.0,-0.1111,4.5,2.0,0,0,0,1.0,2.0,1.0,9.0,0,1,0,0
680951,Doug Nikhazy,,4.5,1.5,4.5,5.2,9.0,-0.1111,0.0,2.0,1,0,0,1.0,2.0,0.0,9.0,0,1,0,0
701656,Logan Henderson,,9.0,2.0,13.5,1.7,4.5,0.2222,0.0,2.0,0,0,0,3.0,1.0,0.0,9.0,1,1,0,0
692230,Carlos Rodriguez,,0.0,1.0,13.5,0.2,0.0,0.375,0.0,2.0,0,0,0,3.0,0.0,0.0,8.0,0,1,0,0
687377,Orlando Ribalta,,0.0,0.5,4.5,2.2,0.0,0.1667,0.0,2.0,0,0,0,1.0,0.0,0.0,6.0,0,2,1,0
691548,Rolddy Muñoz,,13.5,3.0,13.5,8.2,4.5,0.1667,4.5,2.0,0,0,0,3.0,1.0,1.0,12.0,0,1,0,0
675919,Nick Raquet,,16.2,2.4,0.0,12.8,5.4,-0.1,5.4,1.6666666666666665,1,0,0,0.0,1.0,1.0,10.0,0,2,0,0
696131,Mason Black,,0.0,2.4,10.8,2.6,5.4,0.1111,0.0,1.6666666666666665,0,0,0,2.0,1.0,0.0,9.0,0,1,0,0
682274,Yaramil Hiraldo,,21.6,4.2,10.8,23.6,21.6,-0.1667,10.8,1.6666666666666665,0,0,0,2.0,4.0,2.0,12.0,0,3,0,0
691951,Sam Aldegheri,,5.4,1.8,10.8,10.4,5.4,0.125,5.4,1.6666666666666665,1,1,0,2.0,1.0,1.0,8.0,0,1,0,0
664238,Dylan Moore,,5.4,1.2,0.0,5.0,5.4,-0.125,0.0,1.6666666666666665,0,0,0,0.0,1.0,0.0,8.0,0,2,0,0
671131,Jackson Rutledge,,47.25,6.0,13.5,4.7,13.5,0.0,0.0,1.3333333333333333,0,0,0,2.0,2.0,0.0,12.0,0,1,0,0
805326,Tyler Schweitzer,,6.75,2.25,6.75,3.95,6.75,0.0,0.0,1.3333333333333333,1,0,0,1.0,1.0,0.0,7.0,0,1,0,0
669020,Ryan Rolison,,0.0,1.0,0.0,3.2,0.0,0.0,0.0,1.0,1,0,0,0.0,0.0,0.0,3.0,0,1,0,0
687473,Ryan Gusto,,0.0,0.0,9.0,1.2,0.0,0.3333,0.0,1.0,0,0,0,1.0,0.0,0.0,3.0,0,1,0,1
642759,Julian Fernández,,18.0,4.0,9.0,7.2,18.0,-0.1429,0.0,1.0,0,0,0,1.0,2.0,0.0,7.0,0,1,0,0
664731,P.J. Higgins,,0.0,0.0,9.0,1.2,0.0,0.3333,0.0,1.0,0,0,0,1.0,0.0,0.0,3.0,0,1,0,0
701474,Duncan Davitt,,0.0,1.0,0.0,6.2,9.0,-0.3333,0.0,1.0,0,0,0,0.0,1.0,0.0,3.0,0,1,0,0
543510,James McCann,,45.0,7.0,0.0,16.2,0.0,0.0,9.0,1.0,0,0,0,0.0,0.0,1.0,10.0,0,1,0,0
500743,Miguel Rojas,,9.0,2.0,0.0,6.2,9.0,-0.1667,0.0,1.0,0,0,0,0.0,1.0,0.0,6.0,0,1,0,0
671109,Jake Eder,,9.0,2.0,0.0,6.2,9.0,-0.2,0.0,1.0,1,0,0,0.0,1.0,0.0,5.0,0,1,0,0
686894,Joey Wiemer,,9.0,3.0,0.0,6.2,9.0,-0.1429,0.0,1.0,0,0,0,0.0,1.0,0.0,7.0,0,1,0,0
696062,Wilber Dotel,,9.0,1.0,9.0,14.2,0.0,0.25,9.0,1.0,0,0,0,1.0,0.0,1.0,4.0,0,1,0,0
681432,Luke Little,,9.0,2.0,9.0,14.2,0.0,0.2,9.0,1.0,1,0,0,1.0,0.0,1.0,5.0,0,1,0,0
668834,Easton McGee,,0.0,1.0,0.0,3.2,0.0,0.0,0.0,1.0,0,0,0,0.0,0.0,0.0,3.0,0,1,0,0
624512,Reese McGuire,,0.0,0.0,0.0,3.2,0.0,0.0,0.0,1.0,0,0,0,0.0,0.0,0.0,3.0,0,1,0,0
690155,Matt Pushard,,27.0,4.0,9.0,4.2,9.0,0.0,0.0,1.0,0,0,0,1.0,1.0,0.0,7.0,0,1,0,0
683766,Christian Koss,,0.0,0.0,0.0,3.2,0.0,0.0,0.0,1.0,0,0,0,0.0,0.0,0.0,3.0,0,1,0,0
681810,Austin Warren,,13.5,3.0,13.5,19.7,0.0,0.25,13.5,0.6666666666666666,0,0,0,1.0,0.0,1.0,4.0,0,1,0,0
686475,Tyler Tolbert,,0.0,1.5,0.0,3.2,0.0,0.0,0.0,0.6666666666666666,0,0,0,0.0,0.0,0.0,2.0,0,1,0,0
676742,Cam Sanders,,54.0,6.0,27.0,1.7,13.5,0.1667,0.0,0.6666666666666666,0,0,0,2.0,1.0,0.0,6.0,0,1,0,0
595978,Austin Hedges,,0.0,0.0,0.0,3.2,0.0,0.0,0.0,0.3333333333333333,0,0,0,0.0,0.0,0.0,1.0,0,1,0,0
608032,Carlos Estévez,,162.0,18.0,0.0,60.2,54.0,-0.2857,27.0,0.3333333333333333,0,0,1,0.0,2.0,1.0,7.0,0,1,0,0
686563,Jonathan Cannon,,,,,4.35,3.2,-1.0,1.15,0.0,0,0,0,0.0,3.0,0.0,3.0,0,1,0,0
